checkpoint,step,eval_loss
checkpoint-100,50,1.044467568397522
checkpoint-100,100,1.0338016748428345
checkpoint-200,50,1.044467568397522
checkpoint-200,100,1.0338016748428345
checkpoint-200,150,1.028385877609253
checkpoint-200,200,1.0246883630752563
checkpoint-300,50,1.044467568397522
checkpoint-300,100,1.0338016748428345
checkpoint-300,150,1.028385877609253
checkpoint-300,200,1.0246883630752563
checkpoint-300,250,1.0210964679718018
checkpoint-300,300,1.0181573629379272
